time,acc_x,acc_y,acc_z,gyro_x,gyro_y,gyro_z,temp
0.0, -0.09078125, 0.02035278, 0.9977106, -0.08648777, -0.02753651, 0.03019512, 20.92941
0.032949, -0.08907227, 0.02207275, 0.989814, 0.004975557, 0.002951264, -0.1222439, 20.88235
0.065934, -0.09078125, 0.02620483, 0.9934978, 0.2183902, -0.05802441, -0.09175611, 20.88235
0.09894, -0.09175781, 0.0257251, 1.00351, 0.06595123, 0.1249025, 0.03019512, 20.88235
0.131933, -0.09224609, 0.02207092, 0.9920253, 0.06595123, -0.02753651, 0.09117073, 20.97647
0.164934, -0.08858398, 0.02304566, 0.9969234, 0.06595123, 0.1858781, 0.06068292, 20.92941
0.19793, -0.09639648, 0.02426514, 0.9923306, -0.1169757, -0.1494877, 0.2131219, 20.97647
0.230937, -0.09053711, 0.02133179, 0.9822737, -0.05599999, 0.09441471, 0.03019512, 20.97647
0.263932, -0.09126953, 0.02279968, 0.9973926, 0.004975557, -0.05802441, 0.1826341, 20.92941
0.296934, -0.08589844, 0.02620483, 0.9993176, -0.1169757, 0.1553903, -0.1222439, 20.97647
0.329977, -0.09175781, 0.023526, 0.9934749, -0.1779512, 0.1249025, -0.03078049, 20.92941
0.36295, -0.09126953, 0.019375, 0.9915115, -0.05599999, -0.119, -0.03078049, 20.97647
0.395934, -0.09444336, 0.01743225, 0.9910258, -0.1474634, -0.02753651, -0.0002926588, 20.97647
0.428937, -0.09615234, 0.02815186, 1.001085, -0.1474634, -0.05802441, 0.06068292, 20.88235
0.461938, -0.09444336, 0.01695068, 0.9893359, -0.05599999, 0.1858781, 0.2131219, 20.97647
0.494932, -0.09419922, 0.02572021, 1.0013, 0.1574147, 0.002951264, -0.09175611, 20.88235
0.527935, -0.09444336, 0.02449219, 0.9946968, -0.02551222, 0.06392682, 0.2131219, 20.92941
0.560935, -0.08833984, 0.01961975, 0.9883568, 0.1574147, -0.1494877, -0.03078049, 21.02353
0.593932, -0.08956055, 0.0218103, 1.004962, -0.1779512, 0.1249025, 0.06068292, 20.97647
0.626933, -0.08980469, 0.0215741, 0.9932549, 0.06595123, 0.1249025, -0.2137073, 20.92941
0.659965, -0.0880957, 0.02596191, 0.9885768, 0.096439, 0.03343904, 0.09117073, 20.74118
0.692946, -0.09029297, 0.01620972, 0.9988905, 0.004975557, 0.1858781, 0.1216585, 20.97647
0.725935, -0.09078125, 0.02597839, 0.9881305, 0.2183902, -0.119, 0.1216585, 21.02353
0.758939, -0.09419922, 0.01618896, 0.9993406, -0.1474634, 0.1249025, 0.3045854, 20.97647
0.791931, -0.086875, 0.02474548, 0.9944591, -0.08648777, -0.02753651, -0.03078049, 20.92941
0.824933, -0.08760742, 0.02646301, 0.9995949, 0.004975557, 0.1249025, -0.0002926588, 20.92941
0.857937, -0.09419922, 0.0259552, 1.001781, -0.1474634, 0.09441471, -0.06126827, 20.97647
0.890931, -0.08980469, 0.02108704, 0.9991156, 0.1574147, -0.1494877, 0.1826341, 20.92941
0.923933, -0.09078125, 0.01936646, 0.9927424, -0.1169757, 0.1249025, -0.1222439, 20.88235
0.956937, -0.08956055, 0.02498413, 0.9946866, -0.02551222, 0.002951264, 0.06068292, 20.88235
0.989966, -0.08882813, 0.02206177, 0.9991156, -0.05599999, 0.1553903, 0.06068292, 20.88235
1.022946, -0.08931641, 0.02058289, 0.9878444, -0.08648777, 0.06392682, 0.2131219, 20.97647
1.055939, -0.08638672, 0.02451294, 0.9922732, 0.096439, 0.1249025, -0.0002926588, 20.88235
1.088935, -0.08614258, 0.01889038, 0.9969884, 0.03546345, 0.03343904, -0.09175611, 20.97647
1.121933, -0.09102539, 0.01622681, 0.9925148, 0.004975557, 0.1249025, 0.1521463, 20.97647
1.154938, -0.09175781, 0.02962158, 0.9866325, -0.02551222, 0.002951264, 0.09117073, 20.88235
1.187929, -0.08638672, 0.02255493, 0.9927653, 0.03546345, 0.002951264, -0.1222439, 20.97647
1.220937, -0.09297852, 0.0235144, 0.996444, 0.06595123, 0.1249025, 0.3045854, 20.88235
1.253938, -0.08663086, 0.01888122, 0.9881, -0.2389269, 0.09441471, 0.03019512, 20.88235
1.286936, -0.08980469, 0.02133606, 0.9964274, -0.1169757, -0.08851218, -0.03078049, 20.92941
1.319967, -0.09004883, 0.02596313, 1.000825, -0.05599999, 0.06392682, 0.1216585, 20.88235
1.352948, -0.09151367, 0.02400818, 0.9849388, -0.05599999, 0.2468537, -0.274683, 20.92941
1.385938, -0.08858398, 0.01450195, 0.9971268, 0.03546345, 0.1249025, 0.1216585, 20.83529
1.418935, -0.08760742, 0.02377502, 1.001811, -0.05599999, 0.1553903, 0.06068292, 21.02353
1.451943, -0.08443359, 0.02157715, 0.9997957, 0.03546345, 0.06392682, 0.1216585, 20.97647
1.484936, -0.08858398, 0.01911743, 0.9946828, -0.1474634, 0.1249025, 0.03019512, 20.88235
1.517932, -0.09004883, 0.02035706, 0.9939261, -0.1779512, 0.06392682, -0.09175611, 20.92941
1.550936, -0.09371094, 0.02206177, 0.9971089, -0.02551222, -0.05802441, 0.2131219, 20.92941
1.583931, -0.09395508, 0.02790649, 0.9952374, 0.06595123, -0.119, -0.0002926588, 20.92941
1.616932, -0.08858398, 0.02010925, 0.9907867, 0.03546345, -0.08851218, 0.1521463, 21.02353
1.649967, -0.08736328, 0.02034546, 0.9925212, -0.08648777, -0.02753651, -0.0002926588, 20.92941
1.682948, -0.08589844, 0.02060059, 1.00228, 0.004975557, 0.06392682, 0.03019512, 20.88235
1.715939, -0.08882813, 0.02084778, 0.9932728, 0.06595123, 0.06392682, 0.2131219, 21.07059
1.748938, -0.0880957, 0.03157776, 1.000085, -0.2389269, 0.06392682, 0.2436098, 20.88235
1.781936, -0.08638672, 0.02302979, 0.9945101, -0.3913659, 0.002951264, 0.2436098, 21.02353
1.814934, -0.09029297, 0.02449768, 0.9910258, 0.2793658, 0.1553903, -0.03078049, 21.02353
1.847938, -0.09395508, 0.02351868, 0.9930299, -0.08648777, 0.002951264, 0.03019512, 20.92941
1.880936, -0.08589844, 0.02327209, 0.9942251, -0.1474634, 0.09441471, -0.0002926588, 20.92941
1.913934, -0.08931641, 0.02424927, 0.9952246, 0.096439, 0.09441471, 0.03019512, 21.02353
1.946935, -0.09151367, 0.01816284, 0.9927691, -0.08648777, 0.002951264, 0.1216585, 20.97647
1.979972, -0.08980469, 0.02035156, 0.9863922, 0.06595123, 0.03343904, -0.1222439, 20.92941
2.012948, -0.09273438, 0.0215564, 0.9854322, -0.1474634, 0.1858781, 0.09117073, 20.88235
2.04594, -0.09053711, 0.01865356, 1.002989, -0.08648777, 0.06392682, 0.03019512, 20.97647
2.078936, -0.09322266, 0.02497681, 0.9971153, 0.1269268, 0.6736829, -0.0002926588, 20.97647
2.111937, -0.09322266, 0.01866394, 0.9922478, -0.1169757, -1.521439, -0.0002926588, 20.97647
2.144936, -0.09053711, 0.02693665, 0.990301, -0.05599999, 0.9175854, 0.3960488, 20.92941
2.177936, -0.09322266, 0.02060364, 0.9973862, 0.3098537, 2.198073, 0.1216585, 20.92941
2.210934, -0.09395508, 0.02474121, 0.9922503, 0.004975557, -0.3019269, -0.03078049, 20.92941
2.243937, -0.08760742, 0.02011292, 0.9878965, 0.1879025, 2.10661, 0.2740976, 20.88235
2.276934, -0.09078125, 0.02644897, 1.003964, 0.2183902, 0.9480732, -0.09175611, 20.97647
2.309967, -0.1005469, 0.02255188, 0.9910717, 0.03546345, 0.2773415, -0.06126827, 20.92941
2.342947, -0.08956055, 0.0247345, 0.9976622, 0.06595123, 0.3992927, 0.2740976, 21.02353
2.375939, -0.09102539, 0.02181335, 0.9991296, 0.4318049, 3.143195, -0.0002926588, 21.02353
2.408933, -0.09737305, 0.02644531, 1.002512, -0.02551222, -1.033634, -0.4576097, 20.92941
2.441933, -0.0934668, 0.0203418, 0.9958041, -0.208439, -2.619, -0.1832195, 21.02353
2.474938, -0.1078711, 0.02182434, 0.9846884, -0.1779512, -2.100707, 0.1826341, 20.97647
2.507938, -0.09224609, 0.02889709, 0.9912916, -0.2389269, 0.002951264, 0.1521463, 20.97647
2.540932, -0.09175781, 0.02010742, 1.007172, -0.1474634, -0.05802441, 0.09117073, 20.97647
2.573936, -0.08150391, 0.01767273, 0.9910067, -0.1779512, 1.40539, 0.06068292, 20.88235
2.60693, -0.09493164, 0.01425293, 1.004712, -0.02551222, 0.1249025, 0.2131219, 20.92941
2.63997, -0.09395508, 0.01450561, 1.000106, -0.1474634, -0.271439, -0.1527317, 20.92941
2.672949, -0.09419922, 0.02206299, 0.9939758, -0.05599999, -0.08851218, -0.03078049, 20.92941
2.705939, -0.09224609, 0.02156494, 0.9996204, -0.05599999, 0.03343904, 0.09117073, 20.92941
2.738936, -0.09322266, 0.02034241, 0.9917786, -0.1474634, -0.1494877, 0.03019512, 20.88235
2.771934, -0.09102539, 0.02694031, 1.053977, -0.2389269, -13.53363, -0.2137073, 20.88235
2.804935, -0.09053711, 0.02059937, 0.9964274, 0.1574147, 2.563927, 0.2436098, 21.02353
2.837933, -0.08956055, 0.02499084, 1.000543, 0.1269268, 1.40539, -0.0002926588, 20.97647
2.870932, -0.08443359, 0.01961914, 0.9930197, 0.06595123, -0.8202195, -0.2441951, 20.97647
2.903934, -0.09517578, 0.02498779, 0.9910653, -0.208439, -0.05802441, 0.09117073, 20.88235
2.936938, -0.09029297, 0.02157593, 0.9976278, 0.06595123, 0.06392682, 0.03019512, 20.92941
2.969967, -0.09175781, 0.01888916, 0.983984, 0.004975557, -0.05802441, -0.1527317, 20.97647
3.002948, -0.09395508, 0.02035645, 1.005887, 0.06595123, -0.05802441, -0.0002926588, 20.97647
3.035939, -0.086875, 0.01790466, 1.003005, 0.03546345, 0.09441471, 0.06068292, 20.97647
3.068929, -0.08931641, 0.02351196, 0.9917811, -0.05599999, 0.2468537, 0.06068292, 20.97647
3.101938, -0.08223633, 0.01865784, 0.9935475, 0.1574147, 1.100512, 0.1521463, 20.97647
3.134934, -0.09102539, 0.02036377, 0.9823081, 0.03546345, 0.3078293, -0.06126827, 20.88235
3.16793, -0.09224609, 0.02255066, 0.9978834, -0.05599999, 0.9175854, -0.1527317, 21.02353
3.200936, -0.09224609, 0.02158691, 0.9922809, 0.1574147, -0.02753651, -0.3051707, 20.88235
3.233935, -0.09273438, 0.02597473, 0.9883938, 0.06595123, 2.167585, 0.1521463, 21.02353
3.266936, -0.09249023, 0.02354004, 0.999099, 0.03546345, -0.2409512, -0.0002926588, 20.97647
3.299969, -0.1012793, 0.0215686, 0.9882574, -0.1779512, -2.131195, -0.03078049, 20.92941
3.332945, -0.09566406, 0.02035339, 0.9974308, 0.06595123, 0.2163659, -0.0002926588, 20.92941
3.365935, -0.08980469, 0.02180786, 0.9881394, -0.1474634, -0.271439, -0.0002926588, 20.88235
3.398932, -0.09200195, 0.02182007, 1.001556, 0.06595123, 0.002951264, -0.0002926588, 20.92941
3.43193, -0.08663086, 0.02059937, 0.997849, -0.08648777, 0.06392682, 0.2436098, 20.92941
3.46494, -0.08858398, 0.02108826, 1.000542, -0.1779512, -0.2409512, -0.0002926588, 20.88235
3.497935, -0.08443359, 0.02986816, 0.9956453, -0.08648777, 0.1553903, 0.1826341, 20.92941
3.530939, -0.09224609, 0.02280273, 0.9905617, -0.1169757, -0.02753651, -0.03078049, 20.97647
3.56393, -0.0790625, 0.02474792, 0.9910831, -0.05599999, -0.3019269, 0.1216585, 21.07059
3.596935, -0.09200195, 0.02133728, 0.9844799, 0.004975557, 0.6127074, 0.1521463, 20.88235
3.629971, -0.09615234, 0.02109497, 1.003267, 0.1269268, 0.8870975, 0.3350732, 20.97647
3.66295, -0.08614258, 0.01986145, 0.9893385, 0.06595123, 1.588317, -0.09175611, 21.02353
3.695933, -0.1003027, 0.01742309, 0.9976647, 0.004975557, 0.002951264, -0.09175611, 20.92941
3.72894, -0.09200195, 0.02401978, 0.9947146, -0.02551222, 1.527341, -0.0002926588, 20.92941
3.761935, -0.09004883, 0.01766663, 1.004727, 0.2793658, 1.100512, 0.09117073, 21.02353
3.794931, -0.09322266, 0.02499695, 0.9903252, -0.1169757, 0.6127074, 0.2131219, 20.97647
3.827937, -0.08956055, 0.02230042, 0.9973517, 0.2183902, 3.051732, 0.06068292, 20.97647
3.860929, -0.09737305, 0.0206073, 0.9976494, 0.1574147, 3.051732, -0.09175611, 20.92941
3.893937, -0.09664063, 0.02083923, 0.9978604, 0.1879025, 1.710268, -0.09175611, 20.97647
3.92693, -0.0946875, 0.02621887, 0.9903418, -0.05599999, 0.6431952, 0.1216585, 21.02353
3.959969, -0.09737305, 0.02500244, 0.9940026, -0.08648777, 1.496854, -0.1527317, 20.97647
3.992947, -0.1022559, 0.02010742, 1.00663, 0.096439, 1.070024, -0.0002926588, 20.92941
4.025936, -0.1027441, 0.02327637, 0.9944629, 0.096439, 0.002951264, -0.0002926588, 20.88235
4.05893, -0.1044531, 0.01912781, 0.9939682, -0.208439, -0.1494877, 0.09117073, 20.97647
4.091935, -0.09932617, 0.03085327, 1.006152, 0.06595123, 0.2773415, 0.06068292, 20.88235
4.124934, -0.1034766, 0.01888733, 0.9988166, -0.05599999, 0.3992927, 0.1826341, 20.97647
4.157938, -0.1005469, 0.02181396, 0.9924957, -0.02551222, -0.05802441, -0.03078049, 20.97647
4.190935, -0.1017676, 0.01790466, 0.994243, 0.004975557, 0.03343904, 0.1216585, 20.97647
4.22394, -0.1012793, 0.02059143, 0.995208, 0.096439, 0.2163659, 0.03019512, 21.02353
4.256932, -0.09883789, 0.02377625, 0.9859524, -0.2389269, 0.5517318, -0.2441951, 21.02353
4.289974, -0.1003027, 0.0240094, 0.9944807, 0.06595123, 0.6431952, -0.1832195, 20.92941
4.322948, -0.104209, 0.02278015, 0.9854985, -0.1169757, 0.3078293, 0.03019512, 20.92941
4.355935, -0.1037207, 0.02791504, 0.9917671, 0.03546345, 0.3688049, 0.09117073, 20.88235
4.388931, -0.1078711, 0.02938721, 1.005985, 0.096439, 0.5822196, -0.06126827, 21.07059
4.421932, -0.1034766, 0.02010254, 0.9900862, -0.02551222, 0.1249025, 0.2131219, 20.97647
4.45493, -0.09419922, 0.02353088, 0.9966869, -0.02551222, -0.119, 0.1216585, 20.97647
4.487931, -0.09712891, 0.02205566, 1.005197, -0.08648777, -0.3019269, 0.06068292, 21.02353
4.520935, -0.1037207, 0.02791748, 0.9907804, -0.05599999, 0.09441471, 0.1826341, 21.02353
4.553933, -0.1064062, 0.01888367, 0.9896273, 0.004975557, 0.6431952, 0.09117073, 21.02353
4.586934, -0.1064062, 0.0242749, 0.9908454, 0.03546345, 0.6431952, -0.1222439, 21.07059
4.619966, -0.1078711, 0.01862915, 0.998415, 0.004975557, 0.2773415, -0.06126827, 21.02353
4.652943, -0.09761719, 0.02255493, 0.9993393, -0.05599999, 0.1249025, 0.03019512, 20.88235
4.685932, -0.1005469, 0.01913818, 0.9873968, 0.2793658, 0.2773415, -0.06126827, 20.92941
4.718942, -0.09957031, 0.02159485, 0.9986069, 0.2793658, 1.40539, -0.2137073, 21.07059
4.751935, -0.1100684, 0.02328491, 0.9922338, 0.1574147, 0.8566098, 0.03019512, 20.92941
4.784931, -0.1039648, 0.02499695, 0.9913082, 0.03546345, -0.02753651, 0.1216585, 21.02353
4.817937, -0.1032324, 0.02180847, 0.9925506, -0.05599999, 0.1249025, 0.1521463, 20.92941
4.850929, -0.1049414, 0.02718567, 0.9937407, -0.02551222, 0.978561, -0.3051707, 21.07059
4.883937, -0.1025, 0.02255615, 0.9898599, 0.248878, 3.295634, -0.1832195, 20.92941
4.916936, -0.1054297, 0.02498535, 0.992525, 0.3098537, 2.320024, -0.1832195, 20.97647
4.949972, -0.1066504, 0.01546692, 0.9944438, 0.03546345, 0.7956342, 0.1216585, 20.97647
4.982938, -0.1112891, 0.01962158, 1.001782, -0.05599999, -0.4238781, 0.1521463, 21.02353
5.015936, -0.1066504, 0.0291394, 0.9998302, 0.03546345, -0.1494877, 0.2436098, 21.02353
5.048934, -0.1056738, 0.02035706, 0.9949614, 0.06595123, -0.271439, 0.09117073, 20.92941
5.081932, -0.1086035, 0.02326782, 1.005686, 0.004975557, -0.3629024, 0.09117073, 21.02353
5.114939, -0.1127539, 0.02645508, 0.9959099, 0.03546345, -0.1494877, 0.1826341, 20.97647
5.147932, -0.1088477, 0.02670227, 1.000594, 0.1269268, -0.2409512, 0.09117073, 20.97647
5.180934, -0.1051855, 0.02059387, 0.990563, 0.248878, 0.3992927, -0.0002926588, 21.07059
5.213936, -0.1073828, 0.02278809, 1.001298, 0.3098537, 3.35661, -0.09175611, 21.07059
5.246934, -0.09224609, 0.02646545, 1.01517, 0.5232683, 13.02124, 2.926537, 20.97647
5.279974, -0.1293555, 0.025224, 0.9932498, -0.1474634, 5.917585, 4.024097, 20.97647
5.312951, -0.1335058, 0.02767639, 0.9862093, -0.2999024, -2.954366, 0.06068292, 20.97647
5.345934, -0.1186133, 0.02865601, 0.9893385, -0.08648777, -0.6372926, -0.8234634, 21.02353
5.378929, -0.1083594, 0.01765747, 0.9952284, 0.4013171, 4.057829, -0.5185853, 20.97647
5.411932, -0.1252051, 0.02327881, 1.000302, -0.02551222, 2.92978, -0.03078049, 20.97647
5.444937, -0.1327734, 0.02622375, 0.9947401, -0.1169757, -2.253146, 0.518, 21.07059
5.477939, -0.1239844, 0.02911438, 0.9942353, -0.2389269, -4.41778, -0.2441951, 21.07059
5.510938, -0.1237402, 0.02157837, 0.9903609, 0.4622927, 1.131, -2.591756, 20.97647
5.543931, -0.1227637, 0.0284137, 0.991349, 0.5842439, 1.344415, -2.774683, 21.02353
5.576932, -0.1137305, 0.02401489, 0.9937496, 0.5842439, 2.624902, -1.189317, 21.02353
5.609977, -0.1191016, 0.02449524, 0.9854973, 0.4927805, 8.813927, -0.1527317, 21.02353
5.642942, -0.135459, 0.01840149, 0.9949996, 0.06595123, 4.789536, -0.1832195, 21.07059
5.675934, -0.1342383, 0.01668518, 0.9830419, -0.08648777, -0.9116829, -0.4880976, 21.07059
5.708937, -0.1317969, 0.01935852, 0.9862055, -0.02551222, -2.405585, -0.3966341, 21.07059
5.741936, -0.1308203, 0.02400024, 0.9966767, 0.1269268, -3.533634, -0.3966341, 21.07059
5.774928, -0.1166602, 0.03083862, 0.9942493, 0.1574147, 1.374902, -0.1527317, 20.97647
5.807931, -0.1212988, 0.0254657, 0.9896235, 0.3098537, 10.1249, -0.06126827, 20.92941
5.840937, -0.132041, 0.02157471, 0.9896273, 0.06595123, 9.271244, -0.1527317, 21.02353
5.873932, -0.1278906, 0.02863342, 0.9863922, 0.004975557, 22.16759, 0.2436098, 21.02353
5.906936, -0.130332, 0.02841064, 1.000302, -2.037707, 44.17978, 6.585073, 21.02353
5.939971, -0.177207, 0.02597351, 0.9672529, -2.068195, 43.69198, 8.597268, 21.02353
5.972946, -0.2262793, 0.02229675, 0.9663286, -1.184049, 22.59442, 4.786293, 20.97647
6.005933, -0.2680273, 0.03910217, 0.953683, 2.322049, 22.35051, -11.00639, 21.07059
6.038934, -0.2001562, 0.0169458, 0.9914152, 2.565951, 34.82003, -7.408829, 21.02353
6.071937, -0.2209082, 0.02741455, 0.9630822, 1.163512, 68.53954, 1.49361, 20.97647
6.104932, -0.3070898, 0.02815796, 0.9400698, 1.102537, 55.8871, 0.6399512, 21.02353
6.137938, -0.1986914, 0.05789307, 0.9653292, -2.312098, 34.3932, 12.62166, 21.02353
6.170932, -0.4535742, 0.02256165, 0.9247118, -0.208439, 57.01515, 10.48751, 21.02353
6.20394, -0.4118262, 0.02498352, 0.9160196, 1.163512, 84.3932, 0.3045854, 21.07059
6.236934, -0.4250098, 0.02789612, 0.8916796, 2.261073, 79.27124, -2.347854, 21.07059
6.269961, -0.428916, 0.01816833, 0.8941936, 1.133024, 87.04563, 5.152146, 20.97647
6.30294, -0.5275488, 0.02376709, 0.8456356, 2.078146, 107.9298, -0.2137073, 21.02353
6.335935, -0.6432715, 0.02521179, 0.8076262, 3.876927, 84.91149, -16.82956, 21.07059
6.368936, -0.5141211, 0.06378541, 0.7974907, 2.261073, 66.07002, -6.00639, 21.02353
6.401934, -0.6071387, 0.03619263, 0.7876237, 0.6147317, 83.631, -1.494195, 21.02353
6.434934, -0.6698828, 0.05262024, 0.7430477, 1.986683, 83.11271, 2.438732, 21.07059
6.467938, -0.7121192, 0.04354675, 0.7055132, 0.4927805, 80.46027, 0.7314147, 21.07059
6.500931, -0.7643652, 0.005523682, 0.6840964, -1.397464, 86.16149, -1.372244, 21.07059
6.533936, -0.8200294, -0.02594849, 0.5707997, 2.565951, 86.95417, -7.012488, 21.02353
6.566934, -0.3214941, -0.3059229, 0.03201884, 25.82815, 91.74075, -10.09176, 21.11765
6.599972, -0.8759376, -0.006433106, 0.5309977, -9.62917, 118.7225, 11.00581, 21.07059
6.632945, -2.189414, -0.1846484, 0.4885258, -40.84868, 237.0456, 18.35337, 21.02353
6.66594, -0.920127, 0.05153625, 0.3089089, -10.45234, 102.4725, 3.749707, 21.02353
6.698934, -0.8317481, -0.05469788, 0.3444012, 18.60254, 163.631, 4.725317, 21.16471
6.731936, -0.9919044, 0.05493958, 0.2106883, 19.88302, 102.8688, 3.688732, 21.02353
6.764934, -0.9850684, 0.0120752, 0.1126796, 32.2001, 48.02125, -1.00639, 21.16471
6.797938, -0.9601661, 0.04640808, 0.1743547, 5.584244, 64.66759, -2.469805, 21.07059
6.830931, -0.9936133, -0.009377441, 0.097507, 8.358634, 60.33832, -10.00029, 21.11765
6.863932, -0.9897071, 0.006237182, 0.06160612, 7.444, 61.52734, -14.20761, 21.02353
6.896934, -0.980918, 0.01791626, 0.02495754, 2.322049, 68.84441, -1.372244, 21.02353
6.929971, -0.9938575, 0.01987061, 0.02329317, -5.147464, 72.56393, -1.158829, 21.02353
6.962946, -0.9804297, 0.0003808588, -0.08212097, -7.220634, 84.69808, -1.799073, 21.07059
6.995938, -1.005332, -0.01593628, -0.1533063, 2.017171, 60.30783, -0.6710244, 21.16471
7.028931, -1.000205, 0.02352722, -0.1199775, 2.200098, 60.6432, -0.7624878, 21.07059
7.061934, -0.9901954, 0.008683471, -0.160605, 3.114732, 45.85661, -1.860049, 21.02353
7.094937, -0.9828712, 0.002806396, -0.1912074, 0.9805853, 28.17368, -0.6710244, 21.11765
7.127932, -0.9875098, 0.005265502, -0.2159683, -0.1169757, 0.1249025, -0.0002926588, 21.16471
7.160934, -0.9787208, 0.002090454, -0.203549, -1.336488, -17.95437, 0.3960488, 21.16471
7.193934, -0.9804297, 0.006716308, -0.1255578, -0.1474634, -15.6068, 0.6094635, 21.16471
7.226936, -0.9735938, 0.01062866, -0.1805723, -0.1779512, -2.07022, 0.03019512, 21.16471
7.259973, -0.9892188, 0.003538208, -0.190016, -3.440146, -8.71656, -0.09175611, 21.16471
7.292947, -0.9706641, 0.008904419, -0.1634888, -0.6352683, -2.832415, -0.1222439, 21.16471
7.325943, -0.9828712, 0.01012878, -0.1766826, -0.2999024, -1.551927, -0.06126827, 21.11765
7.358934, -0.9833594, 0.006696167, -0.1769458, -3.775512, 0.4297805, -0.5490732, 21.11765
7.391931, -0.9838477, 0.004519653, -0.1737223, 0.1269268, 1.374902, 0.03019512, 21.02353
7.424936, -0.9884864, 0.005249633, -0.1744038, -0.02551222, -1.582415, -0.1222439, 21.16471
7.457934, -0.9816504, 0.01136902, -0.1763977, -0.1169757, 2.472464, -0.03078049, 21.07059
7.490937, -0.9894629, 0.005247192, -0.1858758, 0.2183902, 0.5822196, 0.1521463, 21.16471
7.523941, -0.984336, 0.008898314, -0.1758954, 0.9196098, 2.137098, 0.1826341, 21.07059
7.556937, -0.9831153, 0.004036865, -0.1795065, -0.2389269, -0.08851218, 0.09117073, 21.11765
7.589963, -0.9855567, 0.005007324, -0.1744216, -0.2389269, -2.283634, -0.03078049, 21.02353
7.622946, -0.9806739, 0.009638672, -0.1790756, -0.02551222, 3.631, -0.06126827, 21.07059
7.655933, -0.9867774, -0.001571045, -0.1795753, -0.1779512, 2.990756, -0.274683, 21.07059
7.688932, -0.9884864, 0.00501709, -0.1824782, -0.1169757, -0.4543658, 0.03019512, 21.16471
7.721935, -0.9818946, 0.01063232, -0.1700589, -0.1474634, 0.1249025, -0.03078049, 21.02353
7.754933, -0.9821387, 0.002080688, -0.1824872, 0.1269268, 0.8566098, -0.03078049, 21.25882
7.787934, -0.9833594, 0.01256958, -0.1797787, -0.02551222, 2.411488, -0.09175611, 21.07059
7.820932, -0.9818946, 0.01159424, -0.1824693, 0.004975557, 1.557829, -0.06126827, 21.21176
7.85393, -0.9767676, 0.01110413, -0.1800063, -0.208439, 0.4907561, 0.1521463, 21.11765
7.886935, -0.9838477, 0.0103833, -0.1727317, 0.096439, 1.344415, -0.1527317, 21.21176
7.919972, -0.9745704, 0.01159302, -0.1744433, 0.3098537, 1.984659, 0.09117073, 21.21176
7.95295, -0.9850684, 0.0115979, -0.1885155, 0.03546345, 0.7956342, 0.09117073, 21.16471
7.985938, -0.9906837, 0.007199097, -0.1822417, 0.1574147, 0.826122, -0.03078049, 21.16471
8.018939, -0.9794532, 0.01135864, -0.1804869, 0.2793658, 3.173683, -0.0002926588, 21.16471
8.05193, -0.9814063, 0.007444458, -0.1934085, 0.4622927, 1.374902, -0.06126827, 21.11765
8.08493, -0.9782325, 0.003541259, -0.1870596, -0.05599999, -0.3933902, 0.1826341, 21.21176
8.11793, -0.9806739, 0.005240479, -0.1909811, 0.004975557, 0.4907561, 0.1216585, 21.11765
8.150936, -0.9862891, 0.009396362, -0.1851103, 0.004975557, -0.3629024, -0.0002926588, 21.21176
8.183939, -0.9796973, 0.006008911, -0.1963382, 0.096439, 0.1858781, -0.0002926588, 21.11765
8.216936, -0.9796973, 0.005515747, -0.1914872, -0.05599999, 0.1553903, 0.09117073, 21.16471
8.249971, -0.9782325, 0.005010986, -0.1939516, 0.3708293, -0.3324146, -0.0002926588, 21.16471
8.282947, -0.9853126, 0.005257568, -0.1875746, 0.03546345, -1.612902, -0.0002926588, 21.25882
8.315938, -0.9848243, 0.008908081, -0.189267, 0.03546345, -1.338512, 0.2131219, 21.16471
8.348937, -0.9755469, 0.003796997, -0.1829143, 0.03546345, 0.6431952, -0.06126827, 21.25882
8.381936, -0.9814063, 0.00671936, -0.1797787, -0.208439, 1.466366, 0.03019512, 21.11765
8.414935, -0.9853126, 0.004525146, -0.1758329, -0.4218536, -0.5458293, -0.2137073, 21.11765
8.447938, -0.9816504, 0.006973876, -0.1780225, 0.3098537, -0.3629024, 0.4265366, 21.30588
8.480938, -0.9796973, 0.006229858, -0.1858656, 0.8586341, -0.7897317, 0.3350732, 21.16471
8.513938, -0.9782325, 0.001596679, -0.1785733, -0.1169757, -1.186073, 0.1216585, 21.21176
8.546933, -0.9794532, 0.002572021, -0.1894946, -0.1474634, 0.6127074, 0.09117073, 21.25882
8.579964, -0.9823829, 0.007447509, -0.1802567, 0.03546345, -1.186073, 0.03019512, 21.16471
8.612952, -0.9833594, 0.003304443, -0.1902334, 0.096439, -1.125098, 0.03019512, 21.21176
8.645939, -0.986045, 0.00647522, -0.1807119, -0.05599999, -0.119, -0.09175611, 21.21176
8.678933, -0.9816504, 0.004515991, -0.1917071, 0.06595123, -1.91778, 0.1521463, 21.21176
8.711937, -0.9779883, 0.006236572, -0.1780518, -0.02551222, 0.7041708, 0.06068292, 21.21176
8.744934, -0.9801856, 0.003057251, -0.1832081, 0.2793658, -0.6677805, 0.3350732, 21.16471
8.777938, -0.9816504, 0.01014343, -0.182004, 0.2793658, 0.4907561, 0.1216585, 21.25882
8.810935, -0.9818946, 0.005249023, -0.1907574, 0.1879025, 1.191976, 0.1216585, 21.25882
8.843939, -0.9836036, 0.009890746, -0.18737, 0.1879025, 0.06392682, 0.1216585, 21.16471
8.876935, -0.9804297, 0.004284667, -0.1907, 0.1879025, -1.673878, 0.09117073, 21.30588
8.909966, -0.9814063, 0.003299561, -0.1853595, 0.2793658, 0.4907561, 0.09117073, 21.16471
8.942945, -0.9867774, 0.00647522, -0.179757, 0.2793658, -0.5153414, 0.3960488, 21.30588
8.975938, -0.9838477, 0.006223144, -0.1255565, 0.2183902, -2.100707, 0.06068292, 21.21176
9.008936, -0.9899512, 0.01014038, -0.1817293, 0.004975557, -4.814122, 0.1826341, 21.16471
9.041932, -0.9831153, 0.006474609, -0.1873254, -0.2389269, -5.362903, 0.2436098, 21.21176
9.074932, -0.9833594, 0.009163818, -0.1856852, 0.03546345, -1.948268, 0.1826341, 21.16471
9.107935, -0.9889747, 0.004284667, -0.1778638, -0.08648777, 0.3078293, 0.1521463, 21.16471
9.140932, -0.980918, 0.003057861, -0.1778651, -0.05599999, -3.137293, 0.1216585, 21.21176
9.173942, -0.9831153, 0.0103894, -0.1807769, -0.3303902, -6.064122, 0.5484878, 21.21176
9.206931, -0.9882422, 0.009384765, -0.1620405, -0.05599999, -8.472658, 0.2740976, 21.21176
9.239968, -0.9828712, 0.007689819, -0.1581712, -0.05599999, -4.478756, 0.1826341, 21.30588
9.272947, -0.9879981, 0.003295288, -0.1678948, 0.03546345, -1.795829, 0.1826341, 21.25882
9.305941, -0.982627, 0.0003723139, -0.1720923, 0.004975557, -2.283634, 0.2131219, 21.16471
9.338934, -0.9906837, 0.009162598, -0.1627895, 0.004975557, -3.32022, 0.1216585, 21.16471
9.371938, -0.9882422, 0.003301391, -0.1595953, 0.8586341, -3.655585, 0.3045854, 21.25882
9.404932, -0.9828712, 0.009403686, -0.1518248, 0.4318049, -2.222659, 0.3045854, 21.25882
9.437928, -0.9887305, 0.00842224, -0.1599044, 0.4622927, -5.119, 0.3045854, 21.21176
9.470936, -0.9914161, 0.01087707, -0.1552683, 0.8586341, -16.18607, 0.365561, 21.30588
9.503934, -0.980918, 0.01524414, -0.1355477, 0.6757073, -19.3568, 0.4265366, 21.16471
9.536935, -0.9916602, 0.02013794, -0.1246888, -0.3303902, -17.8629, 0.1826341, 21.30588
9.56997, -0.9870215, 0.01013672, -0.1332809, 0.3708293, -20.54583, 0.6094635, 21.25882
9.602953, -0.9897071, 0.007937011, -0.09963155, -0.2694147, -26.49095, 0.3350732, 21.21176
9.63594, -0.9867774, 0.01036255, -0.08220763, -0.6962439, -22.25315, 0.4570244, 21.30588
9.668932, -0.999961, 0.0215979, -0.07193588, -2.495024, -25.27144, 0.1521463, 21.30588
9.701934, -1.013389, 0.006716918, -0.07249808, 0.004975557, -49.32632, 0.8533659, 21.35294
9.734936, -0.9735938, -0.09618652, -0.04880424, 4.547659, -49.20436, 0.7314147, 21.21176
9.767941, -0.987754, 0.01500244, -0.006390035, 0.7976585, -37.46656, 0.5484878, 21.4
9.800935, -0.9941016, 0.009888305, 0.0213069, -0.08648777, -33.83851, 0.4265366, 21.25882
9.833931, -1.008262, 0.01646667, 0.02567594, 0.9805853, -34.66168, 0.365561, 21.25882
9.866933, -0.994834, 0.01621826, 0.04824594, -0.1474634, -39.41778, 0.6399512, 21.25882
9.899973, -1.002891, 0.01329895, 0.09201665, -0.1779512, -39.53974, 0.5789756, 21.16471
9.932943, -0.9928809, 0.009871825, 0.1029189, -0.208439, -43.77754, 0.365561, 21.30588
9.965933, -0.9984962, 0.01035706, 0.1189366, -0.2999024, -55.94217, 0.8838537, 21.35294
9.998933, -0.9894629, 0.006925659, 0.1624224, -0.1474634, -68.6556, 0.5484878, 21.35294
10.03193, -0.9743262, 0.01256653, 0.1980957, -0.05599999, -65.42388, 0.8228781, 21.30588
10.06493, -0.9621192, 0.01766968, 0.2496075, -0.2389269, -60.36291, 0.5789756, 21.21176
10.09794, -0.9608985, 0.01329712, 0.2680998, 5.096439, -62.89339, -1.524683, 21.30588
10.13093, -0.9394141, 0.03231262, 0.3023617, 3.084244, -67.98486, -0.4576097, 21.21176
10.16393, -0.9364844, 0.01206848, 0.342587, 0.1879025, -61.73486, 0.7314147, 21.25882
10.19694, -0.9269629, 0.01425354, 0.3862214, -1.306, -61.76534, 1.188732, 21.25882
10.22997, -0.8979102, 0.01276855, 0.4410932, -5.269415, -69.23486, 3.841171, 21.35294
10.26295, -0.9171973, 0.01083923, 0.4755088, -12.03771, -78.28973, 7.347269, 21.35294
10.29594, -0.888877, 0.01181274, 0.4895083, -7.220634, -64.32632, 4.633854, 21.30588
10.32893, -0.8517676, 0.02206055, 0.5343028, -9.232829, -65.82022, 6.585073, 21.4
10.36194, -0.8520118, 0.02987427, 0.5516566, -8.409658, -82.98486, 7.347269, 21.21176
10.39493, -0.7782813, 0.02375183, 0.5837379, -7.921854, -77.49706, 6.188732, 21.25882
10.42793, -0.7692481, 0.01863831, 0.6418505, -4.934049, -72.07022, 4.389951, 21.35294
10.46094, -0.7184668, 0.0257428, 0.6459167, -1.610878, -80.24096, 1.859464, 21.35294
10.49394, -0.6798926, 0.03058777, 0.6965094, -5.452342, -88.86901, 6.707025, 21.25882
10.52693, -0.7250586, 0.02259155, 0.7214367, -7.037707, -74.8751, 8.536292, 21.25882
10.55997, -0.6501074, 0.0212909, 0.7645731, -3.318195, -80.57632, 2.591171, 21.30588
10.59295, -0.6025, 0.02764282, 0.8169698, 3.602537, -78.1373, -10.27468, 21.30588
10.62593, -0.5900488, 0.02718933, 0.8164917, 6.681805, -75.57632, -9.116147, 21.30588
10.65894, -0.5424414, 0.01375244, 0.8421679, 3.998878, -72.619, -5.03078, 21.25882
10.69193, -0.4574805, 0.02496887, 0.8678799, -0.3913659, -90.08852, 0.3960488, 21.49412
10.72493, -0.4316016, 0.04033569, 0.8949986, -2.525512, -94.3873, 3.597269, 21.25882
10.75793, -0.4042578, 0.0232843, 0.9038114, -1.184049, -70.57632, 1.859464, 21.35294
10.79093, -0.3600683, 0.01933716, 0.932082, -0.8486829, -70.85072, 1.280195, 21.35294
10.82393, -0.3346777, 0.01869751, 0.9191221, -1.427951, -85.60681, 1.371659, 21.30588
10.85693, -0.2975683, 0.02011658, 0.9583293, -0.208439, -63.80803, -0.274683, 21.21176
10.88998, -0.2438574, 0.02133362, 0.9653444, 0.8281464, -47.46656, -0.5185853, 21.25882
10.92294, -0.1779394, 0.03300293, 0.9755894, -0.8181952, -66.39949, 7.04239, 21.25882
10.95594, -0.1466894, 0.02447327, 0.9903826, -1.153561, -63.32022, 9.725317, 21.25882
10.98893, -0.1542578, 0.02426208, 0.9869455, -2.525512, -36.8873, 2.499707, 21.25882
11.02194, -0.1178809, 0.01499939, 0.9776464, -0.5742927, -6.734854, -0.8234634, 21.25882
11.05494, -0.1020117, 0.0259668, 0.9854667, -0.08648777, -1.155585, -0.4271219, 21.35294
11.08794, -0.1281348, 0.02157837, 0.9879067, 0.1269268, -1.033634, -1.799073, 21.30588
11.12094, -0.1313086, 0.02229614, 0.9849669, 0.6147317, -0.7897317, -4.238098, 21.30588
11.15394, -0.1171484, 0.02472839, 0.9935233, 0.3098537, 0.3688049, -0.3356586, 21.21176
11.18694, -0.1313086, 0.02524292, 0.985262, 0.1879025, 0.9175854, 0.2436098, 21.25882
11.21997, -0.1344824, 0.02133545, 0.9849503, -0.3608781, -0.9421706, -0.06126827, 21.25882
11.25294, -0.1249609, 0.02475159, 0.9896439, -0.08648777, -0.7592439, -0.3051707, 21.30588
11.28594, -0.1283789, 0.02182129, 0.9910946, 0.03546345, 0.1553903, -0.2441951, 21.25882
11.31893, -0.1274023, 0.02499878, 0.9861773, 0.1574147, -0.3324146, -0.09175611, 21.35294
11.35194, -0.1330176, 0.02328369, 0.9848929, -0.3913659, -0.4543658, 0.2131219, 21.4
11.38493, -0.1103125, 0.02548157, 0.9678107, -0.4828293, -2.679976, 0.09117073, 21.30588
11.41793, -0.1051855, 0.02034546, 0.9790935, 0.03546345, -0.2104634, 0.1216585, 21.21176
11.45093, -0.1220312, 0.02546387, 0.9859396, -0.05599999, -0.02753651, -0.09175611, 21.21176
11.48393, -0.1171484, 0.02353027, 0.9923395, 0.004975557, -0.08851218, 0.03019512, 21.25882
11.51693, -0.1217871, 0.02133728, 0.9952029, -0.02551222, 0.002951264, 0.09117073, 21.30588
11.54998, -0.1308203, 0.02304504, 0.9876932, -0.02551222, -0.2104634, 0.03019512, 21.25882
11.58295, -0.1205664, 0.02204895, 0.9959366, 0.03546345, -0.02753651, 0.1826341, 21.25882
11.61593, -0.1151953, 0.02204529, 0.9954764, -0.08648777, -0.08851218, 0.06068292, 21.4
11.64894, -0.1242285, 0.02549438, 0.9864393, 0.096439, 0.002951264, 0.2740976, 21.4
11.68193, -0.1293555, 0.02719482, 0.9864381, -0.1474634, 0.2163659, -0.1222439, 21.21176
11.71493, -0.1195898, 0.02279907, 0.9932536, -0.05599999, -0.02753651, 0.3045854, 21.35294
11.74793, -0.1225195, 0.02548828, 0.985642, -0.08648777, -0.02753651, -0.0002926588, 21.21176
11.78093, -0.1227637, 0.01473755, 0.9979063, -0.05599999, -0.02753651, -0.09175611, 21.35294
11.81394, -0.1230078, 0.02280457, 0.9795856, -0.1474634, 0.06392682, 0.06068292, 21.25882
11.84693, -0.118125, 0.02547607, 0.9861825, 0.096439, 0.09441471, 0.2436098, 21.30588
11.87997, -0.1225195, 0.02449463, 0.9915434, -0.1779512, 0.09441471, 0.06068292, 21.21176
11.91294, -0.1200781, 0.01695068, 0.9961655, -0.1474634, 0.002951264, 0.2436098, 21.25882
11.94594, -0.1254492, 0.02181641, 0.9869187, -0.1474634, 0.1553903, 0.06068292, 21.25882
11.97894, -0.1271582, 0.0220575, 0.9903801, 0.096439, 0.09441471, 0.3960488, 21.30588
12.01194, -0.1239844, 0.02449402, 0.9876766, -0.05599999, 0.2468537, 0.09117073, 21.25882
12.04493, -0.1220312, 0.01668518, 0.9915434, 0.06595123, 0.09441471, -0.1527317, 21.25882
12.07793, -0.1259375, 0.02377747, 0.993283, 0.1574147, -0.05802441, -1.829561, 21.35294
12.11093, -0.1210547, 0.02351257, 0.994257, 0.03546345, 0.1249025, -0.1832195, 21.30588
12.14394, -0.118125, 0.02473999, 0.9932307, -0.2389269, 0.002951264, -1.067366, 21.30588
12.17693, -0.1191016, 0.01839844, 0.9930235, 0.6452195, -0.119, -6.28078, 21.30588
12.20997, -0.1242285, 0.02133911, 0.9930363, 0.8891219, -0.1494877, -5.823463, 21.30588
12.24295, -0.1249609, 0.01912231, 0.9871144, 0.004975557, 0.1249025, -0.884439, 21.4
12.27594, -0.1210547, 0.02450806, 0.9939962, 0.096439, 0.03343904, -2.134439, 22.2
12.30893, -0.1208105, 0.02742737, 0.9925123, -0.1169757, -0.08851218, 0.03019512, 21.35294
12.34194, -0.1234961, 0.02500305, 0.9891148, 0.03546345, 0.002951264, 0.03019512, 21.35294
12.37493, -0.1193457, 0.02156921, 0.9891134, -0.02551222, 0.09441471, -0.3661463, 21.35294
12.40794, -0.1239844, 0.0235376, 0.9893556, 1.925707, -0.2104634, -2.591756, 21.35294
12.44093, -0.1239844, 0.0247467, 1.003186, -0.08648777, -0.02753651, -1.43322, 21.4
12.47394, -0.1386328, 0.0267279, 0.9852314, 0.096439, 0.2773415, -2.103951, 21.4
12.50694, -0.121543, 0.02327942, 0.984499, -0.02551222, -0.05802441, -0.6405365, 21.30588
12.53997, -0.1239844, 0.01767395, 0.9829921, -0.1169757, -0.08851218, 0.09117073, 21.25882
12.57295, -0.1161719, 0.01548767, 0.9913426, 1.163512, -0.271439, -3.323463, 21.30588
12.60594, -0.08003906, 0.03082764, 1.000299, 0.1269268, 0.03343904, -0.03078049, 21.35294
12.63893, -0.1559668, 0.01498047, 0.9951889, 0.8281464, -0.3933902, -0.1832195, 21.25882
12.67194, -0.1327734, 0.01232483, 0.9937904, 3.175707, -1.308024, -8.506391, 21.35294
12.70493, -0.1127539, 0.04591492, 0.9918245, 3.389122, -0.728756, -6.28078, 21.30588
12.73794, -0.1046973, 0.01621765, 0.9888885, 3.572049, -0.8507072, 0.5789756, 21.4
12.77093, -0.1156836, 0.0354657, 0.9881828, 1.864732, -0.119, 0.03019512, 21.25882
12.80393, -0.1178809, 0.01426453, 1.001286, 5.492781, -1.369, -4.116146, 21.30588
12.83693, -0.1191016, 0.03374634, 1.001326, 15.58424, -2.07022, -2.073463, 21.35294
12.86997, -0.1203223, 0.03886902, 0.9954432, 23.75498, 1.374902, 5.426537, 21.35294
12.90294, -0.116416, 0.03131042, 1.017056, 52.26108, -0.08851218, 6.371659, 21.35294
12.93594, -0.1110449, 0.0705127, 1.006328, 80.52327, -2.131195, 1.889951, 21.4
12.96894, -0.1081152, 0.1462561, 0.9806335, 88.694, -2.314122, 6.097269, 21.30588
13.00194, -0.1056738, 0.1861993, 0.9691653, 89.82205, 0.3688049, 10.12166, 21.4
13.03493, -0.1149512, 0.203006, 0.9876818, 107.4135, -2.710464, 5.639951, 21.30588
13.06793, -0.1073828, 0.3050452, 0.9386036, 123.4501, -4.051927, 2.621659, 21.30588
13.10093, -0.1020117, 0.3593457, 0.9056427, 139.3952, -4.173878, 4.481415, 21.35294
13.13394, -0.08956055, 0.4290045, 0.8754508, 146.1025, -8.868999, -1.555171, 21.35294
13.16693, -0.09371094, 0.5320184, 0.8183147, 133.4806, -4.57022, 8.688731, 21.35294
13.19996, -0.1117773, 0.5958142, 0.7920374, 100.066, -5.454366, 6.402147, 21.30588
13.23295, -0.08614258, 0.5989954, 0.7688364, 84.18181, -9.082415, -2.774683, 21.4
13.26594, -0.09102539, 0.6674127, 0.7234306, 102.7184, -2.131195, 6.280195, 21.4
13.29894, -0.07833008, 0.7197699, 0.66808, 100.4013, -1.186073, 9.146049, 21.35294
13.33193, -0.08150391, 0.7550787, 0.6500875, 73.08424, -5.911683, 8.109464, 21.30588
13.36493, -0.07515625, 0.7638605, 0.660555, 47.35254, -21.30802, -4.146634, 21.35294
13.39794, -0.04488281, 0.7845623, 0.5925155, 65.64522, -1.521439, -1.799073, 21.35294
13.43093, -0.07686523, 0.7831042, 0.5891408, 110.2184, -3.59461, 11.12776, 21.35294
13.46394, -0.05513672, 0.8756048, 0.4881761, 88.75498, -0.9116829, 9.176537, 21.35294
13.49693, -0.06075195, 0.8802539, 0.4703308, 67.53546, -2.619, 6.432634, 21.4
13.52996, -0.05538086, 0.8719867, 0.4980112, 64.39522, -19.14339, -1.463707, 21.35294
13.56294, -0.06587891, 0.8629633, 0.4754858, 87.99278, -43.47266, -12.13444, 21.35294
13.59594, -0.03853515, 0.9779426, 0.2308699, 99.88303, -9.722658, 5.24361, 21.30588
13.62893, -0.01875976, 0.9638019, 0.3184215, 68.17571, -1.399488, 4.908244, 21.4
13.66193, -0.04561523, 0.9413763, 0.3446383, 45.61473, -27.03973, -3.567366, 21.35294
13.69493, -0.01460937, 0.948938, 0.1959117, 49.05986, -15.48485, 2.652146, 21.35294
13.72794, 0.09232422, 0.9789288, 0.06573175, 63.23668, 39.36271, 17.34727, 21.35294
13.76094, -0.04927734, 0.9216827, 0.3353602, 60.15742, -8.381195, 4.725317, 21.35294
13.79394, -0.1032324, 1.004613, 0.2494424, 34.33424, -17.07022, 1.036293, 22.2
13.82693, 0.01712891, 0.9351465, 0.1764906, 37.80986, -19.53973, 1.127756, 21.4
13.85997, -0.03389648, 0.9984179, 0.2331722, 43.694, -15.78973, 1.889951, 21.35294
13.89295, 0.02616211, 1.032764, 0.1848789, 12.74888, -6.155585, 2.713122, 21.30588
13.92593, 0.04129883, 0.9856274, -0.003948271, 23.96839, -24.20437, 0.9753171, 21.35294
13.95894, 0.02982422, 1.022003, 0.04387179, 19.09034, 5.15539, 2.377756, 21.35294
13.99193, -0.01338867, 0.9893603, 0.08033996, 11.83424, 13.05173, 2.225317, 21.35294
14.02493, -0.002158202, 0.9949664, 0.0652504, 11.52937, -14.6312, 0.1521463, 21.4
14.05794, -0.03438476, 0.9862335, -0.08688344, 40.18791, -12.28363, 4.786293, 21.30588
14.09093, -0.002158202, 1.047239, 0.06709555, 38.66351, 16.77124, 3.99361, 21.4
14.12393, 0.0005273447, 1.016883, 0.03833939, 4.974488, 0.9175854, 0.3960488, 21.4
14.15693, 0.003945313, 1.005928, 0.03154169, -3.379171, -8.625097, -0.4271219, 21.35294
14.18997, -0.01045898, 0.9820575, 0.02643385, 23.23668, -5.240952, 2.896049, 21.4
14.22295, 0.001259767, 1.002749, -0.04499684, 25.37083, 6.252951, 3.139951, 21.35294
14.25594, -0.002402343, 1.034685, 0.04399032, -0.2999024, 25.15539, -0.09175611, 21.4
14.28893, -0.005576171, 1.006652, 0.03399457, -6.366976, -3.381195, -0.884439, 21.4
14.32194, 0.001503907, 0.9864398, -0.01655984, 12.74888, 0.3992927, 1.585073, 21.4
14.35493, 0.0005273447, 1.018095, -0.06144547, 0.3403414, 10.3688, -0.5185853, 21.4
14.38794, 0.007851563, 1.013486, -0.01109625, -28.77551, 10.27734, -3.262488, 21.4
14.42093, -0.01045898, 0.9910657, 0.03734499, -26.33649, 8.752952, -2.561268, 22.2
14.45394, -0.01021484, 0.9769397, 0.03778613, 1.803756, 0.7651464, 0.4570244, 21.35294
14.48694, 0.00248047, 1.013246, -0.0005536079, 3.633024, 0.3078293, 0.2436098, 22.2
14.51997, -0.008749999, 1.002518, -0.0008270592, -12.34259, 0.1249025, -1.402732, 22.2
14.55295, -0.004355468, 0.9915649, 0.03242904, -1.366976, 0.06392682, 0.06068292, 22.2
14.58594, -0.004355468, 0.9954412, 0.01836319, 10.76717, -0.4238781, 1.066781, 21.4
14.61893, 0.0005273447, 1.001793, 0.008699521, 2.230585, 0.1553903, -0.03078049, 21.4
14.65194, -0.004599608, 1.002504, 0.002135768, -1.366976, -0.05802441, -0.1527317, 21.49412
14.68493, 0.006875001, 0.9983704, 0.0108815, 2.047658, -0.1799756, 0.2740976, 22.2
14.71794, -0.004599608, 1.001799, 0.005514219, 1.163512, 0.03343904, 0.2131219, 22.2
14.75093, -0.003867187, 1.002523, 0.01008917, 3.694, 0.1249025, 0.3960488, 21.35294
14.78393, -0.001669921, 1.011041, -0.009814382, -5.025513, -0.3629024, -0.4271219, 22.2
14.81693, -0.003378905, 0.997652, -0.01443393, -6.610878, -1.704366, -0.5185853, 21.49412
14.84996, 3.906339e-05, 0.9947332, 0.02181047, 6.559854, -0.3019269, 0.7314147, 22.2
14.88295, 0.001015626, 1.006682, -0.000539586, 5.523269, 0.3688049, 0.365561, 21.4
14.91593, 0.002968751, 1.010812, 0.006719634, -7.251122, 0.1249025, -0.8234634, 22.2
14.94893, -0.004843749, 0.9966804, 0.01451684, -0.1474634, -0.4848536, 0.3350732, 22.2
14.98194, -0.004111327, 1.002044, 0.005496383, 6.773269, -0.3324146, 0.7619024, 21.49412
15.01493, 0.001748048, 1.005684, -0.004206791, 2.078146, 0.2468537, -0.06126827, 22.2
15.04793, 3.906339e-05, 1.002028, 0.009443418, -8.257219, -0.08851218, -0.8539513, 21.4
15.08094, -0.002402343, 0.9964306, 0.01471894, 0.1879025, -0.119, -0.03078049, 21.4
15.11394, -0.0002050772, 1.002755, -0.01755807, 1.89522, -3.686073, -0.09175611, 21.49412
15.14693, 0.003457032, 1.007385, -0.00177303, -8.562098, -0.1494877, -0.6710244, 21.4
15.17997, -0.001669921, 0.9988599, 0.01623985, -9.598683, -0.3019269, -0.7929757, 22.2
15.21295, -0.01290039, 0.9917786, 0.07668039, -2.769415, -8.960464, -0.7929757, 21.4
15.24594, -0.006796874, 1.001793, -0.01287478, 2.840342, -2.740951, 0.5484878, 21.4
15.27894, 0.003457032, 1.002993, 0.0135543, -4.232829, -0.05802441, -0.579561, 21.35294
15.31193, -0.004843749, 0.995697, 0.01861243, -6.245025, -0.4238781, -0.5490732, 22.2
15.34493, -0.009726562, 0.9959277, 0.03319588, 1.498878, -1.369, 0.2436098, 21.4
15.37794, 0.01053711, 1.00519, -0.01660444, 1.74278, -2.039732, 0.03019512, 21.4
15.41093, 0.001015626, 1.010323, 0.01985863, -5.177952, 0.1858781, -0.6100488, 21.4
15.44394, -0.003867187, 0.9930188, 0.04123212, -1.946244, -0.119, 0.03019512, 21.4
15.47694, 0.001748048, 0.9942126, 0.01959537, 3.328146, 0.03343904, 0.3350732, 22.2
15.50997, 0.001259767, 1.00227, 0.02010277, -2.159659, 0.09441471, -0.5185853, 21.30588
15.54295, -0.0002050772, 0.998382, 0.0319739, -1.946244, 0.002951264, -0.1832195, 22.2
15.57594, 0.001748048, 1.00227, 0.03127079, 3.358634, 0.002951264, 0.4570244, 21.4
15.60894, -0.00142578, 1.003246, 0.01741977, 2.291561, -0.119, 0.09117073, 21.49412
15.64194, -0.007285155, 0.9978869, 0.0266729, 1.74278, -0.05802441, 0.3350732, 21.4
15.67493, 0.01981445, 0.9951965, -0.03034204, 11.59034, 10.27734, 1.524098, 21.4
15.70794, -0.01485351, 1.008366, 0.04003054, 5.340342, 2.167585, 0.2436098, 21.4
15.74094, 3.906339e-05, 1.001036, 0.02374831, 2.078146, 0.2468537, 0.1826341, 21.4
15.77394, -0.004355468, 1.006174, -0.003765672, 3.511073, 0.7346586, 0.3045854, 22.2
15.80693, 0.0007714853, 1.001783, 0.01428673, -3.958439, 0.09441471, -0.3051707, 22.2
15.83997, -0.001914062, 0.9988697, 0.01645978, -4.507219, -0.05802441, -0.4880976, 22.2
15.87295, -0.004599608, 0.9947095, 0.02039915, -0.6962439, -0.6068048, -0.1832195, 21.4
15.90594, -0.006308593, 1.001044, 0.01814327, -1.915756, -0.4848536, -0.3966341, 21.4
15.93893, 0.001748048, 1.007146, 0.01887059, -6.306, -0.1494877, -0.7015122, 21.4
15.97194, -0.002402343, 1.002525, 0.01762313, -9.141366, 0.2468537, -0.9759025, 22.2
16.00493, -0.002158202, 1.003736, 0.02809824, -13.10478, -0.119, -1.43322, 22.2
16.03793, -0.0002050772, 1.00447, 0.03153405, -22.64746, -3.686073, -2.652732, 21.54118
16.07093, 0.004433595, 0.9966644, 0.04533282, -29.78161, -0.271439, -3.140537, 21.54118
16.10393, -0.00508789, 1.001033, 0.06383908, -41.39747, -0.02753651, -4.512488, 21.54118
16.13693, -0.01558594, 0.9859637, 0.1212039, -38.53161, 0.7041708, -3.872244, 21.49412
16.16997, -0.01167969, 0.9930109, 0.1079936, -35.8182, 1.131, -3.689317, 22.2
16.20295, -0.01973633, 1.001787, 0.1303296, -55.02552, 1.039537, -5.914927, 21.4
16.23594, -0.02461914, 0.9822987, 0.1806705, -58.59259, 1.131, -6.189317, 21.54118
16.26893, -0.02950195, 0.9669495, 0.1934532, -47.98283, 4.545634, -3.994195, 21.49412
16.30193, -0.03267578, 0.9625641, 0.2510762, -34.5682, 2.381, -3.049073, 22.2
16.33494, -0.02583984, 0.977187, 0.2489031, -33.86698, 2.381, -2.683219, 21.54118
16.36794, -0.02901367, 0.9667175, 0.2612166, -46.94624, 0.3992927, -3.567366, 22.2
16.40093, -0.0255957, 0.9469885, 0.2906634, -37.64746, 5.246854, -0.9759025, 22.2
16.43393, -0.04073242, 0.9382147, 0.3151482, -25.42186, 1.954171, -1.70761, 21.4
16.46693, -0.03267578, 0.9525934, 0.3179001, -33.37917, 1.222463, -3.50639, 21.58823
16.49997, -0.04, 0.9362744, 0.3416257, -42.28161, 2.015146, -3.232, 22.2
16.53295, -0.03829101, 0.923595, 0.3635079, -45.60478, 4.484659, -3.292976, 21.49412
16.56593, -0.03951172, 0.9145874, 0.3882688, -46.54991, 4.240756, -2.622244, 22.2
16.59893, -0.04146484, 0.9167761, 0.4009233, -62.03771, 5.185878, -2.347854, 21.54118
16.63194, -0.04927734, 0.8897583, 0.4400273, -69.08039, 7.807829, -1.646634, 22.2
16.66494, -0.05342773, 0.870785, 0.4708612, -60.17795, 12.77734, 2.835073, 21.49412
16.69794, -0.0568457, 0.857124, 0.5140965, -64.47673, 13.72246, 3.566781, 21.4
16.73094, -0.05782227, 0.7932635, 0.5091565, -63.3182, 11.6188, 4.511902, 21.49412
16.76394, -0.06392578, 0.8133148, 0.5762651, -59.2938, 10.21637, 3.29239, 21.4
16.79693, -0.05928711, 0.7906274, 0.5874561, -56.18405, 13.631, 4.328976, 21.4
16.82997, -0.0724707, 0.7755664, 0.6310394, -55.72673, 11.40539, 3.780195, 22.2
16.86295, -0.06587891, 0.7412097, 0.6558653, -61.12308, 5.490756, -2.469805, 22.2
16.89593, -0.06539063, 0.7209699, 0.668066, -62.92185, 8.874903, -4.024683, 21.54118
16.92894, -0.08101563, 0.7066198, 0.7100436, -63.86697, 7.015147, -0.8539513, 22.2
16.96194, -0.0778418, 0.6776569, 0.7365695, -54.90356, 6.710268, 1.646049, 22.2
16.99493, -0.0700293, 0.6457489, 0.7596444, -51.76332, 1.100512, -3.994195, 21.4
17.02793, -0.07955078, 0.6340405, 0.7579303, -54.2938, 1.40539, -3.719805, 21.4
17.06094, -0.07833008, 0.6226092, 0.7709788, -61.48893, 7.563927, 1.768, 21.30588
17.09393, -0.09053711, 0.5661163, 0.8106476, -71.36697, 1.252951, -7.622244, 22.2
17.12694, -0.08980469, 0.5225043, 0.8404564, -71.97673, 0.1553903, -12.10395, 22.2
17.15997, -0.1025, 0.5091284, 0.8565161, -64.72064, 3.691976, -1.250293, 22.2
17.19295, -0.1078711, 0.4769714, 0.8691274, -57.03771, 4.789536, 3.170439, 22.2
17.22594, -0.09200195, 0.4567676, 0.8754865, -50.94015, 10.49076, 11.24971, 21.49412
17.25894, -0.1010352, 0.4321753, 0.8997477, -53.71454, 5.85661, 7.957025, 21.49412
17.29194, -0.1149512, 0.3807904, 0.9083996, -56.51942, 3.478561, 1.066781, 21.4
17.32493, -0.1110449, 0.3561896, 0.9357479, -44.8121, 3.509049, -2.469805, 21.54118
17.35793, -0.1064062, 0.3206543, 0.9356434, -42.83039, -2.34461, -14.84785, 21.49412
17.39094, -0.1149512, 0.3354803, 0.9283573, -38.0438, 0.826122, -6.585659, 22.2
17.42394, -0.1083594, 0.3165002, 0.9341875, -40.29991, -1.277537, -7.988098, 22.2
17.45693, -0.09517578, 0.2731445, 0.9434495, -55.20844, -3.533634, -18.20151, 21.49412
17.48997, -0.1191016, 0.2546246, 0.9670037, -54.35478, 3.143195, -3.140537, 21.49412
17.52295, -0.1234961, 0.1932623, 0.9984468, -15.94015, 10.09442, 12.07288, 21.49412
17.55594, -0.1291113, 0.2083618, 0.9691844, -4.842586, 4.454171, 12.74361, 21.4
17.58894, -0.08760742, 0.2356348, 0.9780818, -30.72673, -12.1312, -17.46981, 21.49412
17.62194, -0.1188574, 0.2008087, 0.9660871, -58.01332, -6.826317, -17.71371, 21.54118
17.65493, -0.1071387, 0.1696435, 0.9852875, -62.70844, -1.125098, -12.65273, 22.2
17.68794, -0.1310644, 0.1012183, 0.9925416, -34.0499, 3.722464, 3.902146, 21.54118
17.72094, -0.1037207, 0.05737854, 1.00275, -30.20844, 1.557829, -2.103951, 22.2
17.75393, -0.1259375, 0.1075507, 0.9935016, -32.25112, -0.6372926, -5.640537, 21.49412
17.78693, -0.123252, 0.06614929, 0.9991245, -26.27551, -1.277537, -3.750293, 21.49412
17.81997, -0.1098242, 0.04250977, 0.985951, -23.62307, -1.429976, -7.378342, 21.54118
17.85295, -0.1151953, 0.03568909, 0.9898318, -18.74502, 3.051732, 0.4875122, 21.49412
17.88594, -0.1208105, 0.003060303, 1.048828, -6.549903, 0.8566098, 1.585073, 21.35294
17.91894, -0.1149512, 0.02913879, 0.9927565, -1.214537, -0.2104634, -0.1832195, 22.2
17.95194, -0.1203223, 0.02791443, 1.005225, -2.952341, 0.2163659, 0.5484878, 22.2
17.98494, -0.1178809, 0.02109314, 0.9901028, -1.519415, 0.7346586, -0.2441951, 22.2
18.01794, -0.1112891, 0.02427734, 0.9845041, -0.3913659, 0.2163659, 0.03019512, 21.49412
18.05094, -0.1195898, 0.01864014, 0.9947606, -0.3303902, 0.1553903, 0.03019512, 21.4
18.08394, -0.114707, 0.01571594, 0.9950098, -0.2694147, 0.3383171, 0.3045854, 21.49412
18.11693, -0.1186133, 0.0245105, 0.988091, -0.3608781, 0.03343904, -0.09175611, 21.49412
18.14998, -0.1208105, 0.02597168, 0.997418, -0.3913659, 0.09441471, -0.06126827, 22.2
18.18295, -0.119834, 0.01376587, 0.9935029, -0.3913659, 0.09441471, -0.1222439, 22.2
18.21594, -0.1171484, 0.02377563, 0.9979319, -0.1169757, 0.06392682, 0.1216585, 21.49412
18.24893, -0.1161719, 0.02230469, 0.9886303, 0.03546345, 0.1553903, -0.03078049, 21.49412
18.28194, -0.1203223, 0.02279419, 0.9859562, 0.06595123, 0.03343904, -0.09175611, 21.49412
18.31493, -0.1115332, 0.01768738, 0.9861876, 0.1879025, 0.06392682, 0.2436098, 21.49412
18.34793, -0.1132422, 0.02205994, 0.9934749, 0.06595123, 0.002951264, 0.2131219, 21.49412
18.38093, -0.1171484, 0.0218396, 0.9918232, 0.06595123, 0.2468537, 0.09117073, 21.54118
18.41394, -0.1195898, 0.01742676, 0.9954356, -0.1779512, 0.1249025, 0.09117073, 22.2
18.44694, -0.1176367, 0.02914368, 0.9803537, 0.03546345, 0.03343904, -0.09175611, 21.54118
18.47999, -0.112998, 0.01792969, 0.999848, 0.1269268, 0.09441471, 0.06068292, 22.2
18.51295, -0.1117773, 0.02645996, 0.9876537, 0.096439, 0.1249025, -0.2137073, 21.54118
18.54594, -0.1166602, 0.0210968, 0.9942366, -0.08648777, -0.02753651, 0.06068292, 21.49412
18.57894, -0.1195898, 0.01815369, 0.9980957, -0.1169757, -0.02753651, -0.0002926588, 21.49412
18.61194, -0.119834, 0.02450256, 0.9986375, -0.1779512, 0.1858781, -0.0002926588, 21.49412
18.64494, -0.1127539, 0.0154718, 0.9886635, -0.02551222, 0.03343904, 0.1216585, 21.49412
18.67793, -0.1186133, 0.02450928, 0.9903189, -0.1474634, 0.09441471, -0.1222439, 21.54118
18.71093, -0.119834, 0.02254822, 0.9991334, 0.03546345, -0.08851218, -0.03078049, 22.2
18.74394, -0.1200781, 0.02083252, 0.9993725, -0.1779512, 0.03343904, 0.03019512, 21.54118
18.77694, -0.1237402, 0.0232898, 0.9874198, -0.1779512, 0.03343904, 0.3045854, 22.2
18.81012, -0.1234961, 0.02450256, 0.9964478, -0.1474634, 0.09441471, -0.1527317, 21.54118
18.84295, -0.1122656, 0.01620483, 0.9900633, -0.08648777, 0.06392682, 0.03019512, 21.54118
18.87594, -0.1154395, 0.01791077, 0.9920088, -0.02551222, 0.06392682, 0.2131219, 21.4
18.90894, -0.1127539, 0.02133423, 1.005948, 0.03546345, 0.3688049, 0.03019512, 22.2
18.94193, -0.1191016, 0.01522888, 0.9876716, -0.02551222, -0.02753651, -0.03078049, 21.49412
18.97493, -0.1193457, 0.02304749, 0.988372, -0.1169757, 0.1553903, -0.1832195, 21.54118
19.00793, -0.116416, 0.01864197, 0.9920457, -0.1474634, 0.2468537, -0.03078049, 22.2
19.04093, -0.1142187, 0.01866455, 0.9950047, 0.096439, 0.002951264, -0.03078049, 22.2
19.07394, -0.116416, 0.02255676, 0.9932588, 0.03546345, 0.06392682, 0.03019512, 21.54118
19.10693, -0.116416, 0.02010864, 0.9886405, 0.096439, 0.1249025, -0.03078049, 21.54118
19.1403, -0.1220312, 0.01670166, 0.9896235, -0.02551222, -0.119, 0.2131219, 21.49412
19.17295, -0.1142187, 0.02059631, 0.9844927, 0.004975557, 0.002951264, 0.1826341, 21.4
19.20594, -0.1171484, 0.01595093, 0.9825166, -0.1169757, 0.1553903, 0.3350732, 21.54118
19.23893, -0.1173926, 0.02449463, 0.9939568, 0.004975557, 0.03343904, 0.4875122, 21.54118
19.27194, -0.1149512, 0.01327148, 0.9901117, -0.1474634, -0.05802441, 0.3045854, 22.2
19.30493, -0.1200781, 0.0191217, 0.9915396, -0.05599999, 0.09441471, 0.670439, 21.54118
19.33794, -0.1176367, 0.02134033, 0.9888362, -0.02551222, 0.002951264, 0.3045854, 21.49412
19.37093, -0.1242285, 0.01913635, 0.9976698, -0.02551222, 0.06392682, 0.09117073, 21.58823
19.40394, -0.1176367, 0.02548157, 0.9818275, 0.1879025, 0.03343904, -0.09175611, 21.49412
19.43694, -0.1249609, 0.01938416, 0.9886035, -0.1474634, 0.002951264, 0.1216585, 21.58823
19.47045, -0.1125098, 0.02206543, 0.9842752, 0.004975557, -0.02753651, -0.03078049, 22.2
19.50295, -0.1173926, 0.0227832, 0.9966742, -0.08648777, 0.002951264, 0.3045854, 21.49412
19.53593, -0.1122656, 0.02352112, 0.9908696, 0.1269268, -0.02753651, -0.1527317, 21.58823
19.56893, -0.1191016, 0.01888245, 0.993714, 0.004975557, -0.1494877, 0.09117073, 22.2
19.60194, -0.1210547, 0.01816284, 0.9967137, -0.08648777, -0.08851218, 0.2740976, 21.4
19.63493, -0.1112891, 0.02426575, 0.9888821, -0.02551222, -0.2409512, 0.7923903, 21.49412
19.66793, -0.1242285, 0.01936035, 0.9861863, -0.1779512, 0.06392682, 1.188732, 21.49412
19.70093, -0.1230078, 0.01939087, 0.994271, -0.1779512, -0.119, 1.280195, 21.58823
19.73393, -0.1169043, 0.01767578, 0.9940001, -0.02551222, 0.09441471, 0.6094635, 21.49412
19.76693, -0.1169043, 0.02060852, 0.9908262, -0.05599999, 0.2163659, 0.4570244, 22.2
19.80063, -0.1169043, 0.02426331, 0.9966589, 0.03546345, 0.002951264, 0.03019512, 22.2
19.83295, -0.1186133, 0.01937561, 0.9990939, 0.06595123, 0.09441471, 0.1216585, 22.2
19.86593, -0.1183691, 0.02351929, 0.991813, 0.06595123, -0.02753651, 0.06068292, 21.49412
19.89893, -0.119834, 0.02035339, 0.9944935, -0.05599999, 0.2163659, -0.1527317, 21.49412
19.93194, -0.1222754, 0.02158081, 0.9915956, 0.03546345, 0.1553903, -0.03078049, 21.49412
19.96493, -0.1193457, 0.01280273, 0.9867192, 0.096439, -0.119, 0.06068292, 21.54118
19.99793, -0.1149512, 0.0237616, 0.9857031, -0.208439, -0.08851218, 0.09117073, 22.2
20.03093, -0.1183691, 0.02085022, 0.9915332, -0.1474634, 0.1858781, 0.03019512, 21.54118
20.06394, -0.1149512, 0.02352356, 0.9905566, -0.1169757, -0.119, 0.09117073, 21.54118
20.09694, -0.116416, 0.02353638, 0.9884282, -0.05599999, 0.002951264, 0.1216585, 22.2
20.1308, -0.1161719, 0.01668579, 0.9910525, 0.096439, 0.1249025, 0.1521463, 22.2
20.16294, -0.1142187, 0.02036194, 0.9947644, -0.05599999, 0.09441471, 0.06068292, 21.54118
20.19593, -0.1166602, 0.02207581, 0.9947274, -0.1169757, 0.002951264, 0.365561, 22.2
20.22895, -0.1166602, 0.02400818, 0.9928101, 0.1269268, 0.2773415, 0.3350732, 21.49412
20.26193, -0.1183691, 0.02254944, 0.9966882, -0.1169757, 0.09441471, 0.2740976, 21.49412
20.29493, -0.1169043, 0.02548584, 0.9922949, -0.1169757, 0.03343904, 0.3350732, 21.54118
20.32794, -0.116416, 0.02182739, 0.9912496, 0.03546345, 0.06392682, 0.518, 22.2
20.36093, -0.1247168, 0.02448486, 0.9905859, 0.03546345, 0.002951264, 0.2131219, 22.2
20.39394, -0.1093359, 0.02134216, 0.9944641, -0.1169757, -0.02753651, -0.06126827, 21.4
20.42693, -0.1139746, 0.02060547, 0.9845054, 0.096439, 0.002951264, 0.1521463, 21.49412
20.46098, -0.1166602, 0.02231018, 1.000095, 0.1269268, 0.2163659, 0.09117073, 21.49412
20.49295, -0.1171484, 0.02571167, 0.991523, 0.03546345, -0.1494877, 0.1216585, 21.49412
20.52594, -0.1200781, 0.02499329, 0.9964326, -0.05599999, -0.08851218, 0.3045854, 22.2
20.55894, -0.1176367, 0.02426086, 0.9945229, 0.004975557, -0.08851218, 0.4570244, 22.2
20.59194, -0.119834, 0.0235199, 0.9906076, -0.1169757, 0.03343904, 0.2740976, 21.54118
20.62493, -0.116416, 0.02255066, 0.993499, -0.1779512, 0.2773415, 0.03019512, 21.54118
20.65793, -0.1139746, 0.01740662, 0.9867026, -0.02551222, 0.03343904, 0.1216585, 22.2
20.69093, -0.1191016, 0.02157104, 0.9893576, 0.004975557, -0.2104634, -0.03078049, 21.54118
20.72394, -0.1186133, 0.02059143, 0.9942009, -0.08648777, -0.05802441, 0.1521463, 21.49412
20.75693, -0.1249609, 0.01889221, 1.003727, 0.004975557, 0.09441471, 0.2436098, 21.49412
20.79114, -0.1171484, 0.02132019, 0.9888935, -0.02551222, 0.002951264, 0.2131219, 21.63529
20.82295, -0.1193457, 0.02156677, 0.997151, 0.06595123, 0.2468537, -0.03078049, 21.49412
20.85594, -0.1127539, 0.02378235, 0.9947682, 0.004975557, 0.03343904, -0.06126827, 21.58823
20.88894, -0.1120215, 0.02231201, 0.9932714, -0.208439, 0.06392682, -0.2137073, 22.2
20.92193, -0.1137305, 0.0230426, 0.9944705, 0.03546345, -0.1494877, 0.1216585, 22.2
20.95493, -0.1171484, 0.02620789, 0.994248, 0.004975557, 0.1553903, 0.03019512, 21.49412
20.98794, -0.1161719, 0.02231567, 0.9983844, -0.02551222, -0.1799756, 0.3045854, 21.49412
21.02093, -0.1195898, 0.02181518, 0.9957014, -0.02551222, 0.09441471, 0.3045854, 21.49412
21.05393, -0.1127539, 0.0242688, 0.9876371, -0.2389269, 0.03343904, 0.2740976, 22.2
21.08693, -0.1139746, 0.02231262, 0.9827314, -0.08648777, 0.09441471, 0.1521463, 21.58823
21.12129, -0.1195898, 0.02767578, 0.9934901, 0.1269268, 0.002951264, -0.03078049, 22.2
21.15294, -0.1161719, 0.01571838, 0.9917747, -0.1169757, 0.03343904, 0.1216585, 21.58823
21.18594, -0.121543, 0.02499512, 0.992984, 0.03546345, -0.02753651, -0.06126827, 22.2
21.21893, -0.121543, 0.01914185, 0.9881433, -0.02551222, 0.1553903, 0.06068292, 21.49412
21.25193, -0.1154395, 0.01718017, 0.9984227, -0.1169757, 0.2468537, 0.06068292, 21.58823
21.28493, -0.1144629, 0.02156616, 0.9915663, 0.06595123, 0.2468537, -0.1527317, 21.49412
21.31794, -0.1156836, 0.02426147, 0.9913171, 0.03546345, 0.1553903, -0.03078049, 21.49412
21.35094, -0.1142187, 0.01936401, 0.9959685, 0.06595123, -0.02753651, -0.03078049, 21.54118
21.38393, -0.1149512, 0.02278747, 0.9885921, -0.08648777, 0.1858781, 0.03019512, 22.2
21.41693, -0.1205664, 0.02401062, 0.9874185, -0.1169757, -0.02753651, 0.06068292, 21.4
21.45153, -0.1249609, 0.01377075, 0.9913299, 0.06595123, 0.09441471, -0.03078049, 21.4
21.48296, -0.1239844, 0.02131592, 0.9934978, -0.08648777, 0.09441471, -0.03078049, 21.54118
21.51593, -0.1203223, 0.01938049, 0.9863692, -0.208439, -0.1494877, -0.3661463, 21.49412
21.54894, -0.1151953, 0.01718872, 0.9966908, 0.06595123, 0.1553903, -0.274683, 22.2
21.58194, -0.116416, 0.02571533, 1.001083, 0.3098537, 0.2468537, -0.2137073, 21.49412
21.61494, -0.1171484, 0.02450928, 0.9832732, -0.2694147, -0.02753651, 0.06068292, 21.54118
21.64793, -0.1227637, 0.02035461, 0.99377, 0.004975557, 0.2773415, -0.0002926588, 21.54118
21.68093, -0.1186133, 0.0176709, 0.995957, 0.03546345, -0.02753651, -0.0002926588, 21.54118
21.71393, -0.1166602, 0.01940247, 0.9891224, -0.05599999, -0.05802441, 0.06068292, 21.54118
21.74694, -0.1183691, 0.01815246, 0.9969005, -0.1474634, 0.1553903, 0.1826341, 21.49412
21.78164, -0.1117773, 0.02767212, 0.9917875, -0.1169757, 0.03343904, -0.03078049, 21.4
21.81295, -0.1144629, 0.01840637, 0.9945075, -0.05599999, 0.3383171, 0.03019512, 21.54118
21.84594, -0.1142187, 0.02524536, 0.9890918, 0.1269268, 0.002951264, -0.06126827, 21.49412
21.87893, -0.1169043, 0.02450195, 0.9947414, 0.1269268, 0.002951264, -0.06126827, 22.2
21.91193, -0.1161719, 0.02329651, 0.9927985, -0.08648777, 0.06392682, 0.03019512, 22.2
21.94493, -0.1212988, 0.01960876, 0.9920533, 0.096439, 0.03343904, 0.09117073, 21.49412
21.97793, -0.1220312, 0.01695129, 0.9932167, -0.08648777, 0.2468537, 0.1521463, 21.54118
22.01093, -0.1195898, 0.02181457, 0.9915344, -0.08648777, 0.1553903, -0.09175611, 21.54118
22.04394, -0.1183691, 0.02254699, 0.9832426, 0.1574147, -0.1799756, 0.1216585, 21.49412
22.07693, -0.1183691, 0.02327393, 0.9841771, 0.06595123, 0.2163659, 0.03019512, 21.49412
22.11186, -0.1171484, 0.01937744, 0.9938044, 0.096439, -0.119, 0.1521463, 21.49412
22.14295, -0.1169043, 0.0213269, 0.9918436, 0.1879025, 0.03343904, -0.06126827, 21.4
22.17594, -0.1154395, 0.02034363, 0.9859358, 0.1269268, 0.2773415, -1.402732, 21.35294
22.20894, -0.119834, 0.01962708, 0.9854692, 0.8586341, -0.271439, -8.079561, 21.54118
22.24194, -0.114707, 0.03474548, 0.9932958, 0.3708293, -0.08851218, -1.585659, 21.54118
22.27494, -0.1137305, 0.02278747, 0.9910627, 0.096439, 0.1858781, -0.0002926588, 21.49412
22.30794, -0.1200781, 0.01205627, 0.9955133, -0.08648777, 0.03343904, -0.03078049, 21.49412
22.34094, -0.1144629, 0.02132996, 0.9932447, 0.03546345, -0.1799756, -0.09175611, 21.4
22.37394, -0.1115332, 0.01816223, 0.9881369, 0.06595123, 0.06392682, -0.06126827, 21.58823
22.40694, -0.1149512, 0.02571716, 1.005758, -0.08648777, 0.03343904, -0.1832195, 21.54118
22.44201, -0.1186133, 0.0240155, 0.9877161, 0.004975557, 0.09441471, -1.372244, 22.2
22.47295, -0.1110449, 0.02595764, 0.9954853, 0.06595123, -0.1799756, -0.06126827, 21.49412
22.50594, -0.1132422, 0.01767456, 0.9896259, -0.02551222, 0.09441471, -0.3356586, 21.58823
22.53893, -0.1186133, 0.02109802, 0.9858887, 0.1574147, 0.1249025, -2.012488, 21.58823
22.57193, -0.1159277, 0.02547668, 0.9971637, 0.1269268, 0.09441471, -1.738098, 21.49412
22.60493, -0.116416, 0.02231689, 0.9920381, 0.1574147, -0.02753651, -0.5490732, 21.58823
22.63793, -0.1234961, 0.02354553, 0.9968979, 0.03546345, 0.002951264, -0.3051707, 21.58823
22.67093, -0.1244727, 0.01548584, 0.9944552, 0.096439, 0.1249025, -1.00639, 21.49412
22.70394, -0.114707, 0.02157715, 0.9937445, 0.1574147, 0.1249025, -1.280781, 21.54118
22.73693, -0.1200781, 0.02279541, 0.9917888, 0.06595123, 0.1249025, -0.274683, 21.54118
22.77215, -0.1125098, 0.01791138, 0.997151, -0.02551222, 0.1858781, -0.1222439, 21.54118
22.80296, -0.1176367, 0.02987549, 0.9891314, -0.02551222, 0.1553903, -0.03078049, 21.49412
22.83594, -0.1161719, 0.02035278, 1.001796, 0.004975557, 0.1553903, 0.06068292, 21.49412
22.86894, -0.1169043, 0.02280212, 0.9974308, 0.004975557, -0.05802441, 0.03019512, 21.54118
22.90194, -0.116416, 0.02327515, 0.9954471, 0.1574147, 0.002951264, 0.06068292, 21.49412
22.93493, -0.1178809, 0.01963196, 0.992534, -0.08648777, -0.119, 0.03019512, 21.54118
22.96794, -0.1105566, 0.02035706, 0.9964683, -0.08648777, 0.03343904, -0.03078049, 22.2
23.00093, -0.1125098, 0.02572327, 0.9978961, 0.1879025, 0.1858781, 0.03019512, 21.54118
23.03394, -0.1137305, 0.01887878, 0.9923052, -0.1169757, 0.1249025, -0.09175611, 21.54118
23.06694, -0.114707, 0.01767883, 0.9945317, -0.05599999, 0.002951264, -0.06126827, 21.68236
23.10235, -0.1149512, 0.02377747, 0.9969591, -0.208439, 0.002951264, 0.1521463, 21.63529
23.13294, -0.1115332, 0.02083862, 0.994496, -0.1474634, 0.06392682, -0.0002926588, 21.54118
23.16594, -0.1125098, 0.02059937, 0.9869149, -0.08648777, -0.119, -0.0002926588, 21.49412
23.19893, -0.1195898, 0.02255188, 0.9937687, -0.1779512, 0.002951264, 0.06068292, 21.54118
23.23194, -0.1103125, 0.02108459, 0.9964134, 0.1269268, 0.1249025, -0.0002926588, 21.54118
23.26493, -0.1120215, 0.01816956, 0.988156, 0.004975557, -0.119, -0.2137073, 21.54118
23.29794, -0.1149512, 0.01595581, 0.9854731, -0.05599999, 0.2163659, -0.2137073, 21.54118
23.33094, -0.1169043, 0.02181518, 0.9956976, 0.096439, -0.1799756, 0.03019512, 21.54118
23.36394, -0.1237402, 0.01987427, 0.9856586, 0.096439, 0.002951264, -0.03078049, 21.54118
23.39694, -0.1200781, 0.02304504, 0.9922682, 0.03546345, -0.05802441, -0.09175611, 21.54118
23.43245, -0.1149512, 0.01816345, 0.9996051, -0.02551222, 0.1553903, -0.1527317, 21.54118
23.46295, -0.1186133, 0.02352661, 0.9954254, -0.02551222, 0.1553903, -0.03078049, 21.49412
23.49594, -0.1149512, 0.02058655, 0.9964172, -0.02551222, 0.09441471, -0.2137073, 22.2
23.52894, -0.1176367, 0.02157837, 0.9971765, 0.096439, 0.06392682, -0.0002926588, 21.63529
23.56194, -0.1208105, 0.02889893, 0.9825522, 0.03546345, 0.03343904, -0.274683, 21.49412
23.59494, -0.1151953, 0.01913757, 0.9915039, 0.1269268, 0.1249025, -0.3661463, 21.58823
23.62793, -0.121543, 0.01547424, 0.9932842, 0.1574147, -0.05802441, -0.1222439, 21.4
23.66094, -0.1151953, 0.0208551, 0.9854973, -0.05599999, 0.06392682, -0.03078049, 21.49412
23.69394, -0.1176367, 0.02180786, 0.9942289, 0.004975557, -0.05802441, -0.1527317, 21.58823
23.72693, -0.1166602, 0.0276709, 0.989842, -0.1474634, 0.1858781, -0.2137073, 21.58823
23.76267, -0.1108008, 0.02377929, 0.9876473, 0.096439, 0.1249025, -0.1222439, 21.4
23.79295, -0.1173926, 0.02523193, 0.9830469, 0.1574147, -0.08851218, 0.1216585, 21.68236
23.82593, -0.119834, 0.02011292, 0.9968878, -0.05599999, 0.2468537, -0.0002926588, 21.54118
23.85893, -0.114707, 0.02059448, 0.986171, -0.05599999, 0.1249025, 0.06068292, 21.58823
23.89194, -0.116416, 0.02377258, 0.9859205, -0.1474634, 0.002951264, -0.09175611, 21.4
23.92493, -0.1081152, 0.02133057, 0.9881203, -0.02551222, 0.1553903, -0.03078049, 21.58823
23.95793, -0.1127539, 0.02328064, 1.000339, -0.1779512, -0.119, 0.06068292, 21.54118
23.99094, -0.1208105, 0.02254517, 0.9914682, -0.1169757, -0.119, 0.03019512, 21.49412
24.02393, -0.1132422, 0.0215686, 0.9908582, -0.1779512, 0.03343904, 0.06068292, 21.49412
24.05694, -0.1212988, 0.0196283, 0.992548, -0.02551222, 0.03343904, -0.0002926588, 22.2
24.09286, -0.1186133, 0.02133789, 0.9950086, -0.1474634, 0.1553903, 0.1826341, 21.49412
24.12294, -0.1183691, 0.01987427, 0.9917569, -0.1779512, 0.1858781, 0.09117073, 21.54118
24.15594, -0.1183691, 0.02743713, 0.9886724, 0.1269268, 0.2468537, -0.1222439, 21.58823
24.18894, -0.1230078, 0.0213324, 0.999839, 0.03546345, -0.05802441, 0.06068292, 21.49412
24.22193, -0.1156836, 0.02451355, 0.9883568, -0.02551222, -0.08851218, -0.0002926588, 21.58823
24.25493, -0.1154395, 0.01792053, 0.988629, 0.004975557, 0.1858781, 0.1216585, 21.54118
24.28794, -0.1188574, 0.02840759, 0.9930095, 0.06595123, 0.2163659, 0.1521463, 21.49412
24.32094, -0.1090918, 0.01864075, 0.9935029, 0.1879025, 0.002951264, -0.0002926588, 21.54118
24.35393, -0.121543, 0.01741882, 0.9988905, -0.02551222, 0.002951264, 0.03019512, 21.54118
24.38694, -0.114707, 0.01864746, 0.9979319, 0.004975557, -0.08851218, -0.03078049, 21.54118
24.423, -0.1156836, 0.020849, 0.98154, -0.08648777, -0.02753651, 0.09117073, 21.54118
24.45295, -0.1151953, 0.02499023, 0.9903163, -0.02551222, 0.09441471, -0.03078049, 22.2
24.48594, -0.1171484, 0.02964172, 0.9974014, -0.1169757, -0.05802441, -0.06126827, 21.54118
24.51894, -0.1176367, 0.02278809, 0.9937763, -0.08648777, 0.1553903, 0.03019512, 22.2
24.55193, -0.1144629, 0.01937317, 0.989842, -0.08648777, 0.09441471, -0.09175611, 22.2
24.58493, -0.1156836, 0.02255738, 0.9908122, -0.1779512, 0.09441471, 0.1826341, 21.54118
24.61793, -0.1156836, 0.02694214, 0.9886341, 0.03546345, 0.002951264, 0.06068292, 21.54118
24.65094, -0.1151953, 0.01962524, 0.997188, -0.05599999, -0.02753651, -0.09175611, 21.54118
24.68394, -0.1208105, 0.02207581, 1.000577, -0.1779512, -0.02753651, -0.06126827, 21.49412
24.71694, -0.119834, 0.01863708, 0.9913286, 0.096439, 0.06392682, 0.06068292, 21.58823
24.75319, -0.1142187, 0.02401611, 0.9878927, -0.1169757, -0.02753651, -0.1222439, 21.63529
24.78295, -0.1120215, 0.01718994, 1.002035, 0.1574147, -0.05802441, -0.3051707, 21.49412
24.81593, -0.1169043, 0.01914307, 0.9949894, 0.1574147, 0.1249025, -0.06126827, 21.54118
24.84894, -0.1212988, 0.01548035, 0.986943, -0.2694147, 0.09441471, -0.3051707, 21.49412
24.88193, -0.1156836, 0.01522705, 0.9998327, 0.004975557, 0.002951264, -0.4271219, 21.54118
24.91493, -0.1144629, 0.01645996, 0.9858989, -0.05599999, -0.02753651, -0.3661463, 21.54118
24.94794, -0.1134863, 0.02402527, 0.9891288, 0.06595123, -0.02753651, -0.2441951, 21.54118
